,mean_fit_time,std_fit_time,mean_score_time,std_score_time,param_max_depth,param_max_features,param_min_samples_leaf,param_n_estimators,params,split0_test_score,split1_test_score,split2_test_score,split3_test_score,split4_test_score,mean_test_score,std_test_score,rank_test_score,split0_train_score,split1_train_score,split2_train_score,split3_train_score,split4_train_score,mean_train_score,std_train_score
0,12.029752635955811,0.08096305138038588,3.146638298034668,0.10029219710263686,15,5,30,50,"{'max_depth': 15, 'max_features': 5, 'min_samples_leaf': 30, 'n_estimators': 50}",0.6279761904761905,0.608955223880597,0.5701492537313433,0.5970149253731343,0.6149253731343284,0.6038065722185535,0.01956194015395432,81,0.8813432835820896,0.8672632363907532,0.8702460850111857,0.8739746457867263,0.8717375093214019,0.8729129520184313,0.004745752116847536
1,36.79551367759704,28.319870016497287,0.42830510139465333,0.28098672352884185,15,5,30,140,"{'max_depth': 15, 'max_features': 5, 'min_samples_leaf': 30, 'n_estimators': 140}",0.6279761904761905,0.608955223880597,0.5880597014925373,0.6417910447761194,0.6119402985074627,0.6157456956154456,0.01819319524588804,75,0.8820895522388059,0.877703206562267,0.8791946308724832,0.8739746457867263,0.8791946308724832,0.878431333266553,0.002643484227671002
2,46.700810718536374,6.023882179317059,0.6118340015411377,0.12246386327386796,15,5,30,80,"{'max_depth': 15, 'max_features': 5, 'min_samples_leaf': 30, 'n_estimators': 80}",0.6339285714285714,0.6149253731343284,0.5791044776119403,0.6268656716417911,0.608955223880597,0.6127579472622966,0.018968295536413105,76,0.8768656716417911,0.883668903803132,0.877703206562267,0.877703206562267,0.8769574944071589,0.8785796965953232,0.0025692769815931845
3,19.677592420578,6.03199843161491,0.3972822666168213,0.20815245402607216,15,5,150,50,"{'max_depth': 15, 'max_features': 5, 'min_samples_leaf': 150, 'n_estimators': 50}",0.7470238095238095,0.7283582089552239,0.6746268656716418,0.7164179104477612,0.7283582089552239,0.7189597629200435,0.02423310824475641,50,0.8156716417910448,0.8068605518269948,0.8135719612229679,0.8128262490678598,0.8150633855331841,0.8127987578884103,0.0031382444352484958
4,46.950937795639035,17.71642939416184,0.5786113739013672,0.25400363635875106,15,5,150,140,"{'max_depth': 15, 'max_features': 5, 'min_samples_leaf': 150, 'n_estimators': 140}",0.7232142857142857,0.7313432835820896,0.6686567164179105,0.7044776119402985,0.7402985074626866,0.7135990274071458,0.02538863475891912,52,0.8156716417910448,0.8135719612229679,0.8210290827740492,0.8187919463087249,0.8232662192393736,0.818466170267232,0.0035065023101360057
5,31.48158655166626,10.3010472030424,0.3762678623199463,0.11530014614038082,15,5,150,80,"{'max_depth': 15, 'max_features': 5, 'min_samples_leaf': 150, 'n_estimators': 80}",0.7470238095238095,0.7253731343283583,0.6865671641791045,0.7223880597014926,0.7343283582089553,0.7231384561089557,0.020193169059074374,46,0.8164179104477612,0.8105891126025354,0.8217747949291574,0.8128262490678598,0.814317673378076,0.815185148085078,0.003804828712834399
6,8.38516206741333,0.11973726819090073,0.10707674026489258,0.019547607328911313,15,5,300,50,"{'max_depth': 15, 'max_features': 5, 'min_samples_leaf': 300, 'n_estimators': 50}",0.7380952380952381,0.7343283582089553,0.6925373134328359,0.7283582089552239,0.7522388059701492,0.7291124690632907,0.019904164171479544,39,0.7888059701492537,0.8031319910514542,0.8053691275167785,0.8120805369127517,0.8008948545861297,0.8020564960432734,0.007609697227720582
7,22.233809089660646,0.8952533749255172,0.28039917945861814,0.010653931441118836,15,5,300,140,"{'max_depth': 15, 'max_features': 5, 'min_samples_leaf': 300, 'n_estimators': 140}",0.7440476190476191,0.7373134328358208,0.7223880597014926,0.7373134328358208,0.7522388059701492,0.7386608002768784,0.009816107172411876,15,0.8044776119402985,0.7949291573452647,0.8090976882923192,0.8038777032065623,0.8038777032065623,0.8032519727982013,0.004598410923272221
8,12.269925260543824,0.9858502967509741,0.12808995246887206,0.015568598324160663,15,5,300,80,"{'max_depth': 15, 'max_features': 5, 'min_samples_leaf': 300, 'n_estimators': 80}",0.7351190476190477,0.7373134328358208,0.6925373134328359,0.7343283582089553,0.7761194029850746,0.7350835145136998,0.026454954195701905,27,0.7955223880597015,0.7986577181208053,0.8098434004474273,0.7956748695003728,0.8090976882923192,0.8017592128841253,0.0063991217826226115
9,48.79347724914551,0.7853869085696081,0.18052878379821777,0.0736256615977998,15,25,30,50,"{'max_depth': 15, 'max_features': 25, 'min_samples_leaf': 30, 'n_estimators': 50}",0.6636904761904762,0.6358208955223881,0.5940298507462687,0.6298507462686567,0.6298507462686567,0.630651794838005,0.022185667310649103,63,0.8828358208955224,0.8806860551826995,0.8784489187173751,0.8851603281133482,0.8806860551826995,0.8815634356183288,0.0022714052169669125
10,151.59802689552308,1.4844074543572605,0.3622579574584961,0.040933688781617086,15,25,30,140,"{'max_depth': 15, 'max_features': 25, 'min_samples_leaf': 30, 'n_estimators': 140}",0.6636904761904762,0.6328358208955224,0.608955223880597,0.6417910447761194,0.6447761194029851,0.6384122250459849,0.01783185203968555,55,0.8940298507462686,0.8888888888888888,0.8903803131991052,0.8844146159582401,0.8903803131991052,0.8896187963983216,0.0031059129144760836
11,88.63702998161315,1.6670507235025822,0.1813291072845459,0.014438171698833366,15,25,30,80,"{'max_depth': 15, 'max_features': 25, 'min_samples_leaf': 30, 'n_estimators': 80}",0.6577380952380952,0.6417910447761194,0.5880597014925373,0.6477611940298508,0.6268656716417911,0.6324456308514649,0.024342891597142462,60,0.891044776119403,0.8881431767337807,0.8732289336316182,0.8784489187173751,0.8844146159582401,0.8830560842320836,0.006470582348544316
12,40.72655940055847,0.36742648378653275,0.1469048500061035,0.05320276690449226,15,25,150,50,"{'max_depth': 15, 'max_features': 25, 'min_samples_leaf': 150, 'n_estimators': 50}",0.7470238095238095,0.7671641791044777,0.6865671641791045,0.7223880597014926,0.7253731343283583,0.7297049739772464,0.02696700407038866,38,0.8194029850746268,0.8120805369127517,0.8105891126025354,0.8210290827740492,0.8173005219985086,0.8160804478724943,0.004078501500658653
13,118.04470539093018,3.6852711398091413,0.384674072265625,0.0825122774488877,15,25,150,140,"{'max_depth': 15, 'max_features': 25, 'min_samples_leaf': 150, 'n_estimators': 140}",0.7678571428571429,0.755223880597015,0.6925373134328359,0.7313432835820896,0.7402985074626866,0.7374550179214854,0.025702880526876786,21,0.8223880597014925,0.8128262490678598,0.8150633855331841,0.8225205070842655,0.8180462341536167,0.8181688871080837,0.00387145912539102
14,65.45971069335937,1.7381364151014118,0.21295204162597656,0.028819576001348404,15,25,150,80,"{'max_depth': 15, 'max_features': 25, 'min_samples_leaf': 150, 'n_estimators': 80}",0.7559523809523809,0.7522388059701492,0.6865671641791045,0.7253731343283583,0.7492537313432835,0.7338792159102697,0.025966772992867728,31,0.826865671641791,0.8113348247576435,0.8150633855331841,0.8135719612229679,0.8180462341536167,0.8169764154618406,0.005404062132732333
15,40.10691914558411,1.2229381981144078,0.1629150390625,0.03939662400424803,15,25,300,50,"{'max_depth': 15, 'max_features': 25, 'min_samples_leaf': 300, 'n_estimators': 50}",0.7767857142857143,0.764179104477612,0.7074626865671642,0.7492537313432835,0.7402985074626866,0.7475988215529548,0.023638389859785232,8,0.8052238805970149,0.7986577181208053,0.7986577181208053,0.7949291573452647,0.8016405667412378,0.7998218081850256,0.0034391427020470295
16,126.38468141555786,1.586543072080518,0.37486705780029295,0.009463912961155977,15,25,300,140,"{'max_depth': 15, 'max_features': 25, 'min_samples_leaf': 300, 'n_estimators': 140}",0.7797619047619048,0.7701492537313432,0.6955223880597015,0.7373134328358208,0.7611940298507462,0.7487912501406809,0.030128099844647767,7,0.814179104477612,0.7949291573452647,0.7986577181208053,0.7919463087248322,0.8098434004474273,0.8019111378231883,0.008626174195868705
17,70.90061678886414,0.9911724677758659,0.2419722557067871,0.01698729307901389,15,25,300,80,"{'max_depth': 15, 'max_features': 25, 'min_samples_leaf': 300, 'n_estimators': 80}",0.7619047619047619,0.7731343283582089,0.7074626865671642,0.7432835820895523,0.7582089552238805,0.7488001526524588,0.022766012204377427,4,0.7985074626865671,0.7934377330350485,0.8061148396718867,0.8023862788963461,0.8105891126025354,0.8022070853784768,0.005935482843123276
18,161.53367681503295,22.20188662286955,0.30962018966674804,0.1038381796601979,15,50,30,50,"{'max_depth': 15, 'max_features': 50, 'min_samples_leaf': 30, 'n_estimators': 50}",0.6726190476190477,0.6388059701492538,0.5761194029850746,0.6417910447761194,0.6238805970149254,0.630647343582116,0.03153357561635652,64,0.8977611940298508,0.8970917225950783,0.8911260253542133,0.8970917225950783,0.8873974645786726,0.8940936258305786,0.004124886738172827
19,722.6546011924744,6.203500972354205,1.0413406372070313,0.10951022535717755,15,50,30,140,"{'max_depth': 15, 'max_features': 50, 'min_samples_leaf': 30, 'n_estimators': 140}",0.6547619047619048,0.6417910447761194,0.5671641791044776,0.6388059701492538,0.6119402985074627,0.6228958158859141,0.03115018845715954,70,0.9029850746268657,0.8888888888888888,0.8851603281133482,0.8821774794929157,0.8881431767337807,0.8894709895711598,0.0071625346699834384
20,409.5922068595886,5.875920826193232,0.5864171504974365,0.12681495111591307,15,50,30,80,"{'max_depth': 15, 'max_features': 50, 'min_samples_leaf': 30, 'n_estimators': 80}",0.6458333333333334,0.6417910447761194,0.591044776119403,0.6328358208955224,0.6358208955223881,0.6294667850100937,0.019736602019820176,65,0.8917910447761194,0.8903803131991052,0.8903803131991052,0.8859060402684564,0.8769574944071589,0.887083041169989,0.005437303228472519
21,208.67514224052428,9.993953604297259,0.3350389003753662,0.16624491884706313,15,50,150,50,"{'max_depth': 15, 'max_features': 50, 'min_samples_leaf': 150, 'n_estimators': 50}",0.7470238095238095,0.7582089552238805,0.6865671641791045,0.7313432835820896,0.7283582089552239,0.7303019301470908,0.02439614818409951,36,0.8097014925373134,0.8098434004474273,0.8135719612229679,0.8247576435495898,0.8076062639821029,0.8130961523478802,0.006139377094742385
22,624.5136734485626,2.0035482645523857,0.8720203399658203,0.16721184200132888,15,50,150,140,"{'max_depth': 15, 'max_features': 50, 'min_samples_leaf': 150, 'n_estimators': 140}",0.7529761904761905,0.755223880597015,0.6776119402985075,0.7283582089552239,0.7402985074626866,0.7308959188130096,0.02833112795588538,35,0.8216417910447761,0.8113348247576435,0.8128262490678598,0.819537658463833,0.8128262490678598,0.8156333544803944,0.004137195642336187
23,358.61996002197264,4.090093659977378,0.4465176582336426,0.08925415416677526,15,50,150,80,"{'max_depth': 15, 'max_features': 50, 'min_samples_leaf': 150, 'n_estimators': 80}",0.7380952380952381,0.755223880597015,0.6985074626865672,0.7313432835820896,0.7343283582089553,0.7315002937426692,0.018453753987997455,33,0.8111940298507463,0.8076062639821029,0.814317673378076,0.8225205070842655,0.8202833706189411,0.8151843689828263,0.005548339985811624
24,185.25490369796753,2.2516457394102516,0.3402420520782471,0.11743777009976383,15,50,300,50,"{'max_depth': 15, 'max_features': 50, 'min_samples_leaf': 300, 'n_estimators': 50}",0.7648809523809523,0.7313432835820896,0.6925373134328359,0.7492537313432835,0.746268656716418,0.7368595455036038,0.024585869133255733,24,0.8029850746268656,0.7926920208799404,0.7941834451901566,0.8061148396718867,0.8038777032065623,0.7999706167150823,0.005451111238765842
25,518.8722525119781,6.3789656583051295,0.708504056930542,0.010760295963298274,15,50,300,140,"{'max_depth': 15, 'max_features': 50, 'min_samples_leaf': 300, 'n_estimators': 140}",0.7678571428571429,0.7611940298507462,0.6865671641791045,0.7522388059701492,0.746268656716418,0.7428276234500869,0.029083824030126545,10,0.8022388059701493,0.7912005965697241,0.7889634601043997,0.7979120059656972,0.7979120059656972,0.7956453749151337,0.004861123446153793
26,300.1232566356659,2.3071005850028756,0.3778689861297607,0.0992000996285043,15,50,300,80,"{'max_depth': 15, 'max_features': 50, 'min_samples_leaf': 300, 'n_estimators': 80}",0.7708333333333334,0.755223880597015,0.7044776119402985,0.755223880597015,0.7432835820895523,0.7458109205473469,0.02244200922290378,9,0.8059701492537313,0.7979120059656972,0.7979120059656972,0.7971662938105891,0.7994034302759135,0.7996727770543256,0.003231486723139059
27,32.71105980873108,0.6612281877297748,0.29440970420837403,0.0811018644971548,30,5,30,50,"{'max_depth': 30, 'max_features': 5, 'min_samples_leaf': 30, 'n_estimators': 50}",0.625,0.6149253731343284,0.5791044776119403,0.6029850746268657,0.6,0.604405012140361,0.015469065243089757,80,0.8783582089552239,0.8762117822520508,0.8695003728560775,0.8680089485458613,0.8769574944071589,0.8738073614032744,0.004209193105857127
28,91.57032613754272,0.9741175583508739,1.000911283493042,0.08896562646861506,30,5,30,140,"{'max_depth': 30, 'max_features': 5, 'min_samples_leaf': 30, 'n_estimators': 140}",0.625,0.6268656716417911,0.5880597014925373,0.6238805970149254,0.6238805970149254,0.6175380478769424,0.014778592473942812,73,0.8805970149253731,0.8769574944071589,0.8732289336316182,0.877703206562267,0.8806860551826995,0.8778345409418232,0.0027481074947950613
29,52.382611989974976,1.3039648462606768,0.4791409969329834,0.009751541206301225,30,5,30,80,"{'max_depth': 30, 'max_features': 5, 'min_samples_leaf': 30, 'n_estimators': 80}",0.6369047619047619,0.6059701492537314,0.5970149253731343,0.6358208955223881,0.6119402985074627,0.6175321128690905,0.016098065946948154,74,0.8820895522388059,0.8739746457867263,0.8762117822520508,0.8769574944071589,0.8739746457867263,0.8766416240942936,0.002972877586370833
30,24.796031332015993,0.529701607067165,0.24217262268066406,0.009535753954128645,30,5,150,50,"{'max_depth': 30, 'max_features': 5, 'min_samples_leaf': 150, 'n_estimators': 50}",0.7142857142857143,0.7343283582089553,0.6835820895522388,0.7074626865671642,0.7164179104477612,0.7112156539836562,0.01642106222394815,54,0.8104477611940298,0.8113348247576435,0.8232662192393736,0.8165548098434005,0.8038777032065623,0.813096263648202,0.006488276001247435
31,68.57616467475891,0.465100989493906,0.8828281402587891,0.1406395091997765,30,5,150,140,"{'max_depth': 30, 'max_features': 5, 'min_samples_leaf': 150, 'n_estimators': 140}",0.7470238095238095,0.7253731343283583,0.6776119402985075,0.7253731343283583,0.7283582089552239,0.7207506314295773,0.023030047984921954,49,0.8126865671641791,0.8046234153616704,0.8135719612229679,0.8158090976882924,0.8135719612229679,0.8120526005320154,0.0038554608204340976
32,39.088995695114136,0.6207803101129008,0.5403842926025391,0.14099421061375933,30,5,150,80,"{'max_depth': 30, 'max_features': 5, 'min_samples_leaf': 150, 'n_estimators': 80}",0.7351190476190477,0.7223880597014926,0.6805970149253732,0.7044776119402985,0.7313432835820896,0.7147870047389832,0.020102347760117104,51,0.8261194029850746,0.8098434004474273,0.8262490678598061,0.8128262490678598,0.8023862788963461,0.8154848798513028,0.009374740319063237
33,20.753957653045653,0.5823077819474016,0.23556833267211913,0.002334375422787808,30,5,300,50,"{'max_depth': 30, 'max_features': 5, 'min_samples_leaf': 300, 'n_estimators': 50}",0.7559523809523809,0.7432835820895523,0.7164179104477612,0.7283582089552239,0.7373134328358208,0.736267040589648,0.013375198446792014,25,0.8044776119402985,0.7822520507084265,0.8068605518269948,0.7994034302759135,0.7934377330350485,0.7972862755573364,0.008817070097447222
34,57.44364666938782,0.7095627047965646,0.7959661960601807,0.11071061739626253,30,5,300,140,"{'max_depth': 30, 'max_features': 5, 'min_samples_leaf': 300, 'n_estimators': 140}",0.7529761904761905,0.746268656716418,0.7104477611940299,0.7283582089552239,0.7492537313432835,0.7374624366813003,0.015936962080615354,20,0.8044776119402985,0.8053691275167785,0.8068605518269948,0.7994034302759135,0.7926920208799404,0.8017605484879852,0.005180897793093455
35,32.50331339836121,0.3639507601498901,0.47533717155456545,0.018806294916390142,30,5,300,80,"{'max_depth': 30, 'max_features': 5, 'min_samples_leaf': 300, 'n_estimators': 80}",0.7648809523809523,0.7223880597014926,0.6955223880597015,0.7373134328358208,0.7522388059701492,0.7344717208242253,0.0241317214028226,29,0.7940298507462686,0.7800149142431022,0.8046234153616704,0.7994034302759135,0.7934377330350485,0.7943018687324006,0.008215814601972725
36,144.83837900161743,1.6534786698759247,0.3482481002807617,0.12228883089559817,30,25,30,50,"{'max_depth': 30, 'max_features': 25, 'min_samples_leaf': 30, 'n_estimators': 50}",0.6666666666666666,0.6537313432835821,0.5701492537313433,0.6477611940298508,0.6298507462686567,0.633635091935265,0.033879893737343014,58,0.8888059701492538,0.8978374347501864,0.8769574944071589,0.883668903803132,0.8903803131991052,0.8875300232617672,0.0069668003363603
37,414.71666111946104,3.8409895505462908,1.057152509689331,0.11015240257696028,30,25,30,140,"{'max_depth': 30, 'max_features': 25, 'min_samples_leaf': 30, 'n_estimators': 140}",0.6547619047619048,0.6298507462686567,0.591044776119403,0.6388059701492538,0.6537313432835821,0.6336410269431171,0.02326004737325595,57,0.8873134328358209,0.8859060402684564,0.8814317673378076,0.8859060402684564,0.8888888888888888,0.885889233919886,0.002485793463756142
38,236.7108865261078,3.550834572769095,0.611235237121582,0.10857129966794503,30,25,30,80,"{'max_depth': 30, 'max_features': 25, 'min_samples_leaf': 30, 'n_estimators': 80}",0.6666666666666666,0.6447761194029851,0.5761194029850746,0.6417910447761194,0.6328358208955224,0.6324411795955759,0.03027665204442157,62,0.8917910447761194,0.8903803131991052,0.8814317673378076,0.8844146159582401,0.8859060402684564,0.8867847563079458,0.0038219144850169364
39,111.47101969718933,1.1685479306157158,0.3022154808044434,0.08928200652281816,30,25,150,50,"{'max_depth': 30, 'max_features': 25, 'min_samples_leaf': 150, 'n_estimators': 50}",0.75,0.7611940298507462,0.6925373134328359,0.746268656716418,0.7343283582089553,0.7368669642634186,0.023765706197537328,23,0.8246268656716418,0.8187919463087249,0.8076062639821029,0.8217747949291574,0.8262490678598061,0.8198097877502868,0.006610473731935711
40,319.3286830425262,3.647311475551941,0.8939944267272949,0.14572948955714982,30,25,150,140,"{'max_depth': 30, 'max_features': 25, 'min_samples_leaf': 150, 'n_estimators': 140}",0.75,0.7582089552238805,0.6985074626865672,0.7402985074626866,0.746268656716418,0.7386578327729524,0.020896929086114804,16,0.8171641791044776,0.8202833706189411,0.8076062639821029,0.819537658463833,0.8240119313944817,0.8177206807127673,0.005514702941860382
41,183.03364443778992,1.1877098093458471,0.5027579307556153,0.027967099632753834,30,25,150,80,"{'max_depth': 30, 'max_features': 25, 'min_samples_leaf': 150, 'n_estimators': 80}",0.7619047619047619,0.7582089552238805,0.6835820895522388,0.7253731343283583,0.7283582089552239,0.7314884237269652,0.028218489382476057,34,0.8194029850746268,0.814317673378076,0.8158090976882924,0.814317673378076,0.814317673378076,0.8156330205794294,0.001971499440712026
42,95.5267261505127,0.7235791047459852,0.28820509910583497,0.0901068498406403,30,25,300,50,"{'max_depth': 30, 'max_features': 25, 'min_samples_leaf': 300, 'n_estimators': 50}",0.7559523809523809,0.7582089552238805,0.6925373134328359,0.755223880597015,0.7432835820895523,0.7410426899484049,0.024801957745963887,12,0.8052238805970149,0.8038777032065623,0.7956748695003728,0.8008948545861297,0.8008948545861297,0.8013132324952419,0.0032866668835370566
43,266.9596381664276,1.74257141750408,0.7861588954925537,0.0918883974477475,30,25,300,140,"{'max_depth': 30, 'max_features': 25, 'min_samples_leaf': 300, 'n_estimators': 140}",0.7767857142857143,0.764179104477612,0.6955223880597015,0.7582089552238805,0.755223880597015,0.7499866462323332,0.028216902520451594,3,0.8067164179104478,0.7971662938105891,0.8023862788963461,0.7979120059656972,0.8038777032065623,0.8016117399579284,0.0036122641119493613
44,151.86351385116578,1.7160273882917854,0.5035581588745117,0.030288968222022566,30,25,300,80,"{'max_depth': 30, 'max_features': 25, 'min_samples_leaf': 300, 'n_estimators': 80}",0.7708333333333334,0.7582089552238805,0.7164179104477612,0.746268656716418,0.7611940298507462,0.7505865699061037,0.018797446131512397,2,0.8029850746268656,0.7941834451901566,0.8061148396718867,0.8046234153616704,0.8076062639821029,0.8031026077665364,0.0047166638888912335
45,294.1879929542541,3.0107247265110133,0.3930799961090088,0.11463173427237729,30,50,30,50,"{'max_depth': 30, 'max_features': 50, 'min_samples_leaf': 30, 'n_estimators': 50}",0.6547619047619048,0.6179104477611941,0.582089552238806,0.6238805970149254,0.6238805970149254,0.6205079912065357,0.02314785930605169,72,0.8932835820895523,0.883668903803132,0.8799403430275914,0.8881431767337807,0.87248322147651,0.8835038454261133,0.007090085895659946
46,811.2919032096863,4.531093324638519,0.9835004806518555,0.09616491448873091,30,50,30,140,"{'max_depth': 30, 'max_features': 50, 'min_samples_leaf': 30, 'n_estimators': 140}",0.6547619047619048,0.6417910447761194,0.5791044776119403,0.6328358208955224,0.6268656716417911,0.6270745090748264,0.025758801505075975,68,0.8985074626865671,0.8873974645786726,0.8859060402684564,0.8859060402684564,0.8888888888888888,0.8893211793382083,0.004724440813396946
47,467.2688788414001,6.465653014529955,0.5387814521789551,0.09208953578661484,30,50,30,80,"{'max_depth': 30, 'max_features': 50, 'min_samples_leaf': 30, 'n_estimators': 80}",0.6607142857142857,0.6358208955223881,0.573134328358209,0.6328358208955224,0.6298507462686567,0.6264745854010559,0.028833748255269222,69,0.8835820895522388,0.8888888888888888,0.8844146159582401,0.8963460104399702,0.8821774794929157,0.8870818168664508,0.005147919364053227
48,224.5365499973297,2.9438000657973236,0.2403714179992676,0.005495642517257743,30,50,150,50,"{'max_depth': 30, 'max_features': 50, 'min_samples_leaf': 150, 'n_estimators': 50}",0.7321428571428571,0.7373134328358208,0.6776119402985075,0.7313432835820896,0.7253731343283583,0.7207580501893921,0.021901850187363615,48,0.8119402985074626,0.8038777032065623,0.814317673378076,0.8232662192393736,0.8165548098434005,0.813991340834975,0.006311793349125387
49,621.8331835269928,4.680285147936937,0.8187821865081787,0.10464646259745942,30,50,150,140,"{'max_depth': 30, 'max_features': 50, 'min_samples_leaf': 150, 'n_estimators': 140}",0.7529761904761905,0.7522388059701492,0.6865671641791045,0.7223880597014926,0.7373134328358208,0.7302989626431651,0.024575697808912538,37,0.823134328358209,0.8068605518269948,0.8098434004474273,0.819537658463833,0.8053691275167785,0.8129490133226485,0.007089707338316522
50,358.46811442375184,2.25045580895178,0.4855449676513672,0.1388062169899218,30,50,150,80,"{'max_depth': 30, 'max_features': 50, 'min_samples_leaf': 150, 'n_estimators': 80}",0.75,0.7522388059701492,0.6835820895522388,0.7343283582089553,0.7253731343283583,0.7291065340554388,0.024840414079304166,40,0.817910447761194,0.8068605518269948,0.8180462341536167,0.8202833706189411,0.8158090976882924,0.8157819404098078,0.004680007593886487
51,186.26581716537476,1.6938154718046803,0.36045660972595217,0.11015669287251062,30,50,300,50,"{'max_depth': 30, 'max_features': 50, 'min_samples_leaf': 300, 'n_estimators': 50}",0.7559523809523809,0.7582089552238805,0.6805970149253732,0.746268656716418,0.755223880597015,0.7392518214388711,0.02960647387341868,14,0.8037313432835821,0.7882177479492916,0.7979120059656972,0.7994034302759135,0.8031319910514542,0.7984793037051877,0.005580444112262875
52,519.3745429992675,4.131949632958192,0.7026998043060303,0.01880092195754297,30,50,300,140,"{'max_depth': 30, 'max_features': 50, 'min_samples_leaf': 300, 'n_estimators': 140}",0.75,0.7611940298507462,0.6955223880597015,0.7522388059701492,0.746268656716418,0.7410456574523309,0.023284519129369085,11,0.7985074626865671,0.7934377330350485,0.7941834451901566,0.8038777032065623,0.7986577181208053,0.797732812447828,0.0037486245750934875
53,297.1999700546265,3.0038764592914653,0.4275048732757568,0.15257428942311818,30,50,300,80,"{'max_depth': 30, 'max_features': 50, 'min_samples_leaf': 300, 'n_estimators': 80}",0.7529761904761905,0.7611940298507462,0.7014925373134329,0.7373134328358208,0.7402985074626866,0.7386563490209895,0.020486816685962497,17,0.7977611940298508,0.796420581655481,0.8001491424310216,0.8023862788963461,0.8053691275167785,0.8004172649058956,0.003209300190879619
54,32.669630718231204,0.3401122884736221,0.3364410877227783,0.10950471904255539,50,5,30,50,"{'max_depth': 50, 'max_features': 5, 'min_samples_leaf': 30, 'n_estimators': 50}",0.6309523809523809,0.5940298507462687,0.591044776119403,0.6388059701492538,0.6,0.6109685625047258,0.019892021762068314,78,0.8798507462686567,0.8680089485458613,0.8762117822520508,0.8732289336316182,0.8762117822520508,0.8747024385900476,0.003950578042965873
55,92.03044362068177,0.6314367065797524,0.8956367015838623,0.09073140745766188,50,5,30,140,"{'max_depth': 50, 'max_features': 5, 'min_samples_leaf': 30, 'n_estimators': 140}",0.625,0.6238805970149254,0.5791044776119403,0.6149253731343284,0.6149253731343284,0.6115684861784964,0.016783283528368078,77,0.8798507462686567,0.8754660700969426,0.8709917971662938,0.8687546607009694,0.8754660700969426,0.874105868865961,0.0038739329505109274
56,52.55096936225891,1.034520642347328,0.5559956073760987,0.10864767265319003,50,5,30,80,"{'max_depth': 50, 'max_features': 5, 'min_samples_leaf': 30, 'n_estimators': 80}",0.6339285714285714,0.5940298507462687,0.5970149253731343,0.6,0.6149253731343284,0.6079822979035397,0.01483448368314695,79,0.8805970149253731,0.8754660700969426,0.8762117822520508,0.8695003728560775,0.8709917971662938,0.8745534074593475,0.0039579433504780236
57,24.679349184036255,0.5037783460554657,0.3210296154022217,0.0934880103738179,50,5,150,50,"{'max_depth': 50, 'max_features': 5, 'min_samples_leaf': 150, 'n_estimators': 50}",0.7291666666666666,0.7194029850746269,0.6895522388059702,0.7104477611940299,0.7194029850746269,0.7135960599032198,0.013400989562648501,53,0.8134328358208955,0.8031319910514542,0.8180462341536167,0.8053691275167785,0.8187919463087249,0.811754426970294,0.00643504502899928
58,67.92548909187317,0.7461054490931602,0.8786253929138184,0.08721684942229464,50,5,150,140,"{'max_depth': 50, 'max_features': 5, 'min_samples_leaf': 150, 'n_estimators': 140}",0.7410714285714286,0.7343283582089553,0.6865671641791045,0.7194029850746269,0.7283582089552239,0.7219475112731925,0.01907014007988605,47,0.8164179104477612,0.8068605518269948,0.8202833706189411,0.814317673378076,0.8187919463087249,0.8153342905160995,0.004700229087554474
59,39.07397437095642,0.30539503038246313,0.4911470890045166,0.03211480942178885,50,5,150,80,"{'max_depth': 50, 'max_features': 5, 'min_samples_leaf': 150, 'n_estimators': 80}",0.7410714285714286,0.7164179104477612,0.7044776119402985,0.7194029850746269,0.7373134328358208,0.7237383797827263,0.0136245017664104,45,0.8149253731343283,0.8098434004474273,0.8150633855331841,0.8210290827740492,0.8105891126025354,0.814290070898305,0.003997145879819003
60,20.36848340034485,0.14299019934984739,0.27939915657043457,0.08663953321583638,50,5,300,50,"{'max_depth': 50, 'max_features': 5, 'min_samples_leaf': 300, 'n_estimators': 50}",0.7529761904761905,0.7223880597014926,0.6925373134328359,0.755223880597015,0.755223880597015,0.7356715681717665,0.024903387262225116,26,0.7873134328358209,0.7844891871737509,0.8038777032065623,0.796420581655481,0.7994034302759135,0.7943008670295056,0.007312160161597184
61,56.09889154434204,0.497153347143574,0.695894718170166,0.01090048123635484,50,5,300,140,"{'max_depth': 50, 'max_features': 5, 'min_samples_leaf': 300, 'n_estimators': 140}",0.75,0.7164179104477612,0.6835820895522388,0.7343283582089553,0.7522388059701492,0.727315665545905,0.025362347014144828,41,0.8029850746268656,0.7986577181208053,0.8016405667412378,0.796420581655481,0.7934377330350485,0.7986283348358877,0.0034604076984021226
62,32.27855296134949,0.4193137257760128,0.40889129638671873,0.09053583405237015,50,5,300,80,"{'max_depth': 50, 'max_features': 5, 'min_samples_leaf': 300, 'n_estimators': 80}",0.7440476190476191,0.7611940298507462,0.6955223880597015,0.7223880597014926,0.746268656716418,0.7338851509181216,0.022830159194080584,30,0.8104477611940298,0.7994034302759135,0.8120805369127517,0.7941834451901566,0.7919463087248322,0.8016122964595368,0.008260117858093574
63,143.2582534790039,1.2795583411924567,0.2561819076538086,0.008467827336222637,50,25,30,50,"{'max_depth': 50, 'max_features': 25, 'min_samples_leaf': 30, 'n_estimators': 50}",0.6547619047619048,0.6328358208955224,0.573134328358209,0.6298507462686567,0.6537313432835821,0.6288653775843601,0.029703627450007684,66,0.8888059701492538,0.8747203579418344,0.8829231916480239,0.8844146159582401,0.8859060402684564,0.8833540351931617,0.004734705170747503
64,405.78433485031127,2.779587804358984,0.9580811500549317,0.13345803337094606,50,25,30,140,"{'max_depth': 50, 'max_features': 25, 'min_samples_leaf': 30, 'n_estimators': 140}",0.6577380952380952,0.6447761194029851,0.5880597014925373,0.6447761194029851,0.6298507462686567,0.6330425870213094,0.024161458436323075,59,0.8925373134328358,0.8851603281133482,0.8888888888888888,0.8851603281133482,0.8859060402684564,0.8875305797633756,0.0028561407548237695
65,229.350475025177,2.1611983106083534,0.5626001358032227,0.10191204159585059,50,25,30,80,"{'max_depth': 50, 'max_features': 25, 'min_samples_leaf': 30, 'n_estimators': 80}",0.6636904761904762,0.6298507462686567,0.5970149253731343,0.6477611940298508,0.6447761194029851,0.636621356536451,0.022529779088427283,56,0.8895522388059701,0.8859060402684564,0.8821774794929157,0.8821774794929157,0.8941088739746458,0.8867844224069807,0.0045722598262516135
66,110.27399797439575,0.5850913512995141,0.36505956649780275,0.11454151274229159,50,25,150,50,"{'max_depth': 50, 'max_features': 25, 'min_samples_leaf': 150, 'n_estimators': 50}",0.7529761904761905,0.7671641791044777,0.7014925373134329,0.7373134328358208,0.7402985074626866,0.7398502613606788,0.021891279008190302,13,0.8246268656716418,0.8090976882923192,0.8173005219985086,0.8322147651006712,0.8180462341536167,0.8202572150433515,0.0077490948832728045
67,311.7669204235077,1.2666453143962852,0.8724209308624268,0.17008737346168534,50,25,150,140,"{'max_depth': 50, 'max_features': 25, 'min_samples_leaf': 150, 'n_estimators': 140}",0.75,0.7582089552238805,0.7014925373134329,0.7253731343283583,0.7492537313432835,0.7368669642634187,0.02080730271051643,22,0.8216417910447761,0.8158090976882924,0.8090976882923192,0.8232662192393736,0.8217747949291574,0.8183179182387837,0.005268598115164071
68,178.18450288772584,1.4481203489353744,0.4883476734161377,0.020866679326936883,50,25,150,80,"{'max_depth': 50, 'max_features': 25, 'min_samples_leaf': 150, 'n_estimators': 80}",0.7559523809523809,0.7582089552238805,0.6895522388059702,0.7283582089552239,0.7432835820895523,0.7350731282499589,0.02512276531098277,28,0.8276119402985075,0.8120805369127517,0.8120805369127517,0.8158090976882924,0.8202833706189411,0.8175730964862489,0.005857850869683964
69,92.53279857635498,0.4444939592804153,0.417496919631958,0.09541630729808215,50,25,300,50,"{'max_depth': 50, 'max_features': 25, 'min_samples_leaf': 300, 'n_estimators': 50}",0.7678571428571429,0.7701492537313432,0.7104477611940299,0.7402985074626866,0.755223880597015,0.748797185148533,0.02192415702381522,5,0.8119402985074626,0.7949291573452647,0.7986577181208053,0.7971662938105891,0.8038777032065623,0.8013142341981367,0.006074805504836166
70,259.8135506629944,1.9552918694448405,0.7171103000640869,0.03361905301031863,50,25,300,140,"{'max_depth': 50, 'max_features': 25, 'min_samples_leaf': 300, 'n_estimators': 140}",0.7678571428571429,0.7761194029850746,0.6985074626865672,0.746268656716418,0.755223880597015,0.748797185148533,0.027152729444795968,5,0.8082089552238806,0.7986577181208053,0.7971662938105891,0.8023862788963461,0.8016405667412378,0.8016119625585718,0.003810832639495261
71,148.98453903198242,1.1310886222282137,0.45552382469177244,0.011847551692949198,50,25,300,80,"{'max_depth': 50, 'max_features': 25, 'min_samples_leaf': 300, 'n_estimators': 80}",0.7708333333333334,0.7791044776119403,0.7164179104477612,0.746268656716418,0.7671641791044777,0.7559591754347051,0.022537854305797828,1,0.8097014925373134,0.7994034302759135,0.8001491424310216,0.8016405667412378,0.8098434004474273,0.8041476064865828,0.004649040548653593
72,289.24849834442136,4.429357527577974,0.2874040126800537,0.07669005914733679,50,50,30,50,"{'max_depth': 50, 'max_features': 50, 'min_samples_leaf': 30, 'n_estimators': 50}",0.6636904761904762,0.6358208955223881,0.582089552238806,0.6268656716417911,0.6358208955223881,0.6288609263284712,0.02646421997871644,67,0.8798507462686567,0.8851603281133482,0.8799403430275914,0.8851603281133482,0.8814317673378076,0.8823087025721504,0.00239512955732435
73,686.7316819190979,6.736285001464195,0.26859126091003416,0.06708958898060008,50,50,30,140,"{'max_depth': 50, 'max_features': 50, 'min_samples_leaf': 30, 'n_estimators': 140}",0.6636904761904762,0.6477611940298508,0.5701492537313433,0.6447761194029851,0.6358208955223881,0.6324426633475388,0.03241925957888138,61,0.8992537313432836,0.8866517524235645,0.8844146159582401,0.8903803131991052,0.8866517524235645,0.8894704330695516,0.00525341821663034
74,453.0310945034027,3.9616032871031606,0.45952692031860354,0.07600488136326652,50,50,30,80,"{'max_depth': 50, 'max_features': 50, 'min_samples_leaf': 30, 'n_estimators': 80}",0.6458333333333334,0.6179104477611941,0.582089552238806,0.6388059701492538,0.6238805970149254,0.6217063548021139,0.022195401577628313,71,0.9,0.8859060402684564,0.8806860551826995,0.8806860551826995,0.8888888888888888,0.8872334079045489,0.0071165167208559225
75,223.06063628196716,2.4472945851676875,0.2830012798309326,0.08475108025302461,50,50,150,50,"{'max_depth': 50, 'max_features': 50, 'min_samples_leaf': 150, 'n_estimators': 50}",0.7589285714285714,0.7522388059701492,0.6865671641791045,0.7223880597014926,0.7164179104477612,0.7273112142900159,0.02616935677714118,42,0.8238805970149253,0.8008948545861297,0.8187919463087249,0.8180462341536167,0.808351976137211,0.8139931216401216,0.008253553549073183
76,552.342716217041,2.1880087534854797,0.4106921195983887,0.061738523593495534,50,50,150,140,"{'max_depth': 50, 'max_features': 50, 'min_samples_leaf': 150, 'n_estimators': 140}",0.7410714285714286,0.7522388059701492,0.6776119402985075,0.7283582089552239,0.7253731343283583,0.7249322921224155,0.02552282106478232,44,0.8156716417910448,0.8046234153616704,0.8158090976882924,0.8180462341536167,0.8120805369127517,0.8132461851814752,0.004715988245726995
77,354.947377204895,4.387210472090345,0.3986839294433594,0.08505626087500986,50,50,150,80,"{'max_depth': 50, 'max_features': 50, 'min_samples_leaf': 150, 'n_estimators': 80}",0.7351190476190477,0.755223880597015,0.6895522388059702,0.7343283582089553,0.7194029850746269,0.7267261281358752,0.021797633843093148,43,0.8164179104477612,0.8105891126025354,0.8150633855331841,0.8158090976882924,0.8090976882923192,0.8133954389128185,0.0029694867081076276
78,185.54929900169373,1.5115389563183463,0.29641132354736327,0.0875779689174077,50,50,300,50,"{'max_depth': 50, 'max_features': 50, 'min_samples_leaf': 300, 'n_estimators': 50}",0.7619047619047619,0.7343283582089553,0.6686567164179105,0.746268656716418,0.7522388059701492,0.7326823360666544,0.03323510137956785,32,0.8029850746268656,0.7822520507084265,0.7844891871737509,0.7979120059656972,0.796420581655481,0.7928117800260442,0.008041207768956544
79,375.9552133560181,7.381543511693032,0.11448125839233399,0.03178183769243378,50,50,300,140,"{'max_depth': 50, 'max_features': 50, 'min_samples_leaf': 300, 'n_estimators': 140}",0.7559523809523809,0.7611940298507462,0.6865671641791045,0.7492537313432835,0.7373134328358208,0.7380579090991818,0.02695362593632075,19,0.8037313432835821,0.7897091722595079,0.7956748695003728,0.7994034302759135,0.7994034302759135,0.7975844491190579,0.004691868981600294
80,229.66848917007445,3.660365293760687,0.26819047927856443,0.036352841074395355,50,50,300,80,"{'max_depth': 50, 'max_features': 50, 'min_samples_leaf': 300, 'n_estimators': 80}",0.7559523809523809,0.7582089552238805,0.6895522388059702,0.746268656716418,0.7432835820895523,0.7386548652690265,0.0251867596275364,18,0.8029850746268656,0.7897091722595079,0.7882177479492916,0.7994034302759135,0.8023862788963461,0.7965403408015849,0.006321982016105643
